{
  "clean": {
    "Vanilla": 84.88888888888889,
    "Fine-tuned": 90.66666666666667
  },
  "gaussian_noise": {
    "Vanilla": {
      "1": 81.55555555555556,
      "2": 80.22222222222223,
      "3": 75.33333333333333,
      "4": 71.77777777777777,
      "5": 67.44444444444444
    },
    "Fine-tuned": {
      "1": 88.88888888888889,
      "2": 87.33333333333333,
      "3": 85.66666666666667,
      "4": 85.11111111111111,
      "5": 83.0
    },
    "improvement": 10.733333333333334
  },
  "motion_blur": {
    "Vanilla": {
      "1": 84.77777777777777,
      "2": 79.22222222222223,
      "3": 74.0,
      "4": 65.33333333333333,
      "5": 56.333333333333336
    },
    "Fine-tuned": {
      "1": 90.66666666666667,
      "2": 88.88888888888889,
      "3": 86.77777777777777,
      "4": 81.33333333333333,
      "5": 77.55555555555556
    },
    "improvement": 13.111111111111114
  },
  "brightness": {
    "Vanilla": {
      "1": 84.11111111111111,
      "2": 84.66666666666667,
      "3": 85.0,
      "4": 84.66666666666667,
      "5": 82.55555555555556
    },
    "Fine-tuned": {
      "1": 91.11111111111111,
      "2": 91.0,
      "3": 90.55555555555556,
      "4": 90.0,
      "5": 89.55555555555556
    },
    "improvement": 6.24444444444444
  },
  "contrast": {
    "Vanilla": {
      "1": 85.11111111111111,
      "2": 85.33333333333333,
      "3": 85.0,
      "4": 83.11111111111111,
      "5": 81.88888888888889
    },
    "Fine-tuned": {
      "1": 90.22222222222223,
      "2": 90.88888888888889,
      "3": 90.33333333333333,
      "4": 90.11111111111111,
      "5": 89.33333333333333
    },
    "improvement": 6.088888888888889
  },
  "rain": {
    "Vanilla": {
      "1": 82.44444444444444,
      "2": 79.22222222222223,
      "3": 75.77777777777777,
      "4": 72.0,
      "5": 69.22222222222223
    },
    "Fine-tuned": {
      "1": 88.77777777777777,
      "2": 88.11111111111111,
      "3": 86.88888888888889,
      "4": 85.33333333333333,
      "5": 83.88888888888889
    },
    "improvement": 10.86666666666666
  },
  "snow": {
    "Vanilla": {
      "1": 82.0,
      "2": 79.0,
      "3": 74.66666666666667,
      "4": 71.44444444444444,
      "5": 68.22222222222223
    },
    "Fine-tuned": {
      "1": 90.33333333333333,
      "2": 88.55555555555556,
      "3": 87.22222222222223,
      "4": 86.33333333333333,
      "5": 85.22222222222223
    },
    "improvement": 12.466666666666654
  },
  "frost": {
    "Vanilla": {
      "1": 83.22222222222223,
      "2": 82.44444444444444,
      "3": 80.44444444444444,
      "4": 77.77777777777777,
      "5": 74.22222222222223
    },
    "Fine-tuned": {
      "1": 89.88888888888889,
      "2": 89.66666666666667,
      "3": 89.33333333333333,
      "4": 88.77777777777777,
      "5": 87.11111111111111
    },
    "improvement": 9.333333333333314
  },
  "fog": {
    "Vanilla": {
      "1": 84.55555555555556,
      "2": 84.22222222222223,
      "3": 82.55555555555556,
      "4": 81.44444444444444,
      "5": 77.88888888888889
    },
    "Fine-tuned": {
      "1": 90.22222222222223,
      "2": 90.0,
      "3": 89.11111111111111,
      "4": 89.22222222222223,
      "5": 88.44444444444444
    },
    "improvement": 7.26666666666668
  },
  "low_light": {
    "Vanilla": {
      "1": 84.55555555555556,
      "2": 83.55555555555556,
      "3": 80.55555555555556,
      "4": 78.0,
      "5": 69.22222222222223
    },
    "Fine-tuned": {
      "1": 90.55555555555556,
      "2": 90.11111111111111,
      "3": 89.0,
      "4": 87.77777777777777,
      "5": 87.88888888888889
    },
    "improvement": 9.8888888888889
  },
  "high_light": {
    "Vanilla": {
      "1": 84.77777777777777,
      "2": 84.22222222222223,
      "3": 83.33333333333333,
      "4": 82.22222222222223,
      "5": 79.55555555555556
    },
    "Fine-tuned": {
      "1": 90.44444444444444,
      "2": 89.88888888888889,
      "3": 89.66666666666667,
      "4": 89.77777777777777,
      "5": 88.77777777777777
    },
    "improvement": 6.888888888888886
  },
  "shadow": {
    "Vanilla": {
      "1": 84.22222222222223,
      "2": 83.88888888888889,
      "3": 83.0,
      "4": 82.0,
      "5": 80.55555555555556
    },
    "Fine-tuned": {
      "1": 91.11111111111111,
      "2": 91.11111111111111,
      "3": 90.44444444444444,
      "4": 90.44444444444444,
      "5": 88.77777777777777
    },
    "improvement": 7.64444444444446
  },
  "glare": {
    "Vanilla": {
      "1": 82.66666666666667,
      "2": 78.55555555555556,
      "3": 75.0,
      "4": 72.22222222222223,
      "5": 64.22222222222223
    },
    "Fine-tuned": {
      "1": 88.0,
      "2": 87.77777777777777,
      "3": 86.44444444444444,
      "4": 84.66666666666667,
      "5": 80.33333333333333
    },
    "improvement": 10.911111111111111
  },
  "haze": {
    "Vanilla": {
      "1": 85.0,
      "2": 85.33333333333333,
      "3": 84.77777777777777,
      "4": 84.11111111111111,
      "5": 83.66666666666667
    },
    "Fine-tuned": {
      "1": 90.66666666666667,
      "2": 90.66666666666667,
      "3": 90.22222222222223,
      "4": 90.0,
      "5": 90.11111111111111
    },
    "improvement": 5.75555555555556
  },
  "mist": {
    "Vanilla": {
      "1": 85.33333333333333,
      "2": 85.22222222222223,
      "3": 84.66666666666667,
      "4": 85.44444444444444,
      "5": 84.44444444444444
    },
    "Fine-tuned": {
      "1": 90.44444444444444,
      "2": 90.33333333333333,
      "3": 90.11111111111111,
      "4": 90.0,
      "5": 90.33333333333333
    },
    "improvement": 5.222222222222214
  }
}